﻿<Export Version="1">
  <AttributeTypes>
    <EcoResAttributeType Name="BooleanDomain" DataType="6" IsEnumeration="0" HasBounds="0" />
    <EcoResAttributeType Name="Cable size" DataType="5" IsEnumeration="1" HasBounds="0">
      <EcoResEnumerationAttributeTypeValue OrdinalNumber="1" EnumerationValue="2" SolverValue="2">
        <EcoResTextValueTranslation TextValue="2" Language="en-us" />
      </EcoResEnumerationAttributeTypeValue>
      <EcoResEnumerationAttributeTypeValue OrdinalNumber="2" EnumerationValue="10" SolverValue="10">
        <EcoResTextValueTranslation TextValue="10" Language="en-us" />
      </EcoResEnumerationAttributeTypeValue>
      <EcoResEnumerationAttributeTypeValue OrdinalNumber="3" EnumerationValue="20" SolverValue="20">
        <EcoResTextValueTranslation TextValue="20" Language="en-us" />
      </EcoResEnumerationAttributeTypeValue>
      <EcoResEnumerationAttributeTypeValue OrdinalNumber="4" EnumerationValue="30" SolverValue="30">
        <EcoResTextValueTranslation TextValue="30" Language="en-us" />
      </EcoResEnumerationAttributeTypeValue>
    </EcoResAttributeType>
    <EcoResAttributeType Name="Cabinet finish" DataType="5" IsEnumeration="1" HasBounds="0">
      <EcoResEnumerationAttributeTypeValue OrdinalNumber="1" EnumerationValue="Oak" SolverValue="Oak">
        <EcoResTextValueTranslation TextValue="Oak" Language="en-us" />
      </EcoResEnumerationAttributeTypeValue>
      <EcoResEnumerationAttributeTypeValue OrdinalNumber="2" EnumerationValue="Rosewood" SolverValue="Rosewood">
        <EcoResTextValueTranslation TextValue="Rosewood" Language="en-us" />
      </EcoResEnumerationAttributeTypeValue>
      <EcoResEnumerationAttributeTypeValue OrdinalNumber="3" EnumerationValue="White" SolverValue="White">
        <EcoResTextValueTranslation TextValue="White" Language="en-us" />
      </EcoResEnumerationAttributeTypeValue>
      <EcoResEnumerationAttributeTypeValue OrdinalNumber="4" EnumerationValue="Black" SolverValue="Black">
        <EcoResTextValueTranslation TextValue="Black" Language="en-us" />
      </EcoResEnumerationAttributeTypeValue>
    </EcoResAttributeType>
    <EcoResAttributeType Name="Front grill" DataType="5" IsEnumeration="1" HasBounds="0">
      <EcoResEnumerationAttributeTypeValue OrdinalNumber="1" EnumerationValue="Black" SolverValue="Black">
        <EcoResTextValueTranslation TextValue="Black" Language="en-us" />
      </EcoResEnumerationAttributeTypeValue>
      <EcoResEnumerationAttributeTypeValue OrdinalNumber="2" EnumerationValue="White" SolverValue="White">
        <EcoResTextValueTranslation TextValue="White" Language="en-us" />
      </EcoResEnumerationAttributeTypeValue>
      <EcoResEnumerationAttributeTypeValue OrdinalNumber="3" EnumerationValue="Metal" SolverValue="Metal">
        <EcoResTextValueTranslation TextValue="Metal" Language="en-us" />
      </EcoResEnumerationAttributeTypeValue>
    </EcoResAttributeType>
    <EcoResAttributeType Name="Corner protection" DataType="6" IsEnumeration="0" HasBounds="0" />
    <EcoResAttributeType Name="Speaker height" DataType="4" IsEnumeration="0" HasBounds="1">
      <EcoResBoundedAttributeTypeValue Lower="10" Upper="15" />
    </EcoResAttributeType>
    <EcoResAttributeType Name="DecimalDomain" DataType="3" IsEnumeration="0" HasBounds="0" />
    <EcoResAttributeType Name="Insurance period" DataType="4" IsEnumeration="0" HasBounds="1">
      <EcoResBoundedAttributeTypeValue Lower="2" Upper="5" />
    </EcoResAttributeType>
  </AttributeTypes>
  <TableConstraintDefintions>
    <PCGlobalTableConstraintDefinition Name="Color and finish" Description="Cabinet color and finish combinations">
      <PCTableConstraintGlobalColumnDef Name="Finish" AttributeType="Cabinet finish" />
      <PCTableConstraintGlobalColumnDef Name="Grill" AttributeType="Front grill" />
      <PCTableConstraintRow>
        <PCTableConstraintCell Value="Oak" />
        <PCTableConstraintCell Value="Black" />
      </PCTableConstraintRow>
      <PCTableConstraintRow>
        <PCTableConstraintCell Value="Rosewood" />
        <PCTableConstraintCell Value="White" />
      </PCTableConstraintRow>
      <PCTableConstraintRow>
        <PCTableConstraintCell Value="White" />
        <PCTableConstraintCell Value="Black" />
      </PCTableConstraintRow>
      <PCTableConstraintRow>
        <PCTableConstraintCell Value="White" />
        <PCTableConstraintCell Value="White" />
      </PCTableConstraintRow>
      <PCTableConstraintRow>
        <PCTableConstraintCell Value="Black" />
        <PCTableConstraintCell Value="Black" />
      </PCTableConstraintRow>
      <PCTableConstraintRow>
        <PCTableConstraintCell Value="Black" />
        <PCTableConstraintCell Value="Metal" />
      </PCTableConstraintRow>
    </PCGlobalTableConstraintDefinition>
  </TableConstraintDefintions>
  <Components>
    <PCClass Name="High End Speaker" ReuseEnabled="1">
      <EcoResCategoryTranslation FriendlyName="Luxus højtaler" Description="Konfigurerbar luxus højtaler" LanguageId="da" />
      <EcoResCategoryTranslation FriendlyName="High End Speaker" Description="Configurable high end speaker" LanguageId="EN-US" />
      <EcoResAttribute Name="Cabinet finish" SolverName="CabinetFinish" AttributeType="Cabinet finish" IncludeInReuse="1">
        <EcoResAttributeTranslation FriendlyName="Kabinett overflade" Description="Vælg kabinett overflade for din højtaler" Language="da" />
        <EcoResAttributeTranslation FriendlyName="Cabinet finish" Description="Select the cabinet finish for your speaker" Language="en-us" />
      </EcoResAttribute>
      <EcoResAttribute Name="Front grill" SolverName="FrontGrill" AttributeType="Front grill" IncludeInReuse="1">
        <EcoResAttributeTranslation FriendlyName="Front type" Description="Vælg front type for din højtaler" Language="da" />
        <EcoResAttributeTranslation FriendlyName="Front grill" Description="Select the type of front grill for your speaker" Language="en-us" />
      </EcoResAttribute>
      <EcoResAttribute Name="Corner protection" SolverName="CornerProtection" AttributeType="Corner protection" IncludeInReuse="1">
        <EcoResAttributeTranslation FriendlyName="Hjørnebeskyttelse" Description="Skal højtaleren have hjørnebeskyttelse?" Language="da" />
        <EcoResAttributeTranslation FriendlyName="Corner protection" Description="Should the speaker have corner protection?" Language="en-us" />
        <EcoResComponentControl Modifier="3">
          <PCExpressionConstraint Expression="FrontGrill != &quot;Metal&quot;" />
        </EcoResComponentControl>
      </EcoResAttribute>
      <EcoResAttribute Name="Speaker height" SolverName="SpeakerHeight" AttributeType="Speaker height" IncludeInReuse="1">
        <EcoResAttributeTranslation FriendlyName="Speaker height" Description="How high shall the speaker be?" Language="en-us" />
      </EcoResAttribute>
      <EcoResAttribute Name="Assembly run time" SolverName="AssemblyRunTime" AttributeType="DecimalDomain" IncludeInReuse="1">
        <EcoResAttributeTranslation FriendlyName="Assembly run time" Description="What is the assembly time for the speaker" Language="en-us" />
        <EcoResComponentControl Modifier="1">
          <PCExpressionConstraint Expression="" />
        </EcoResComponentControl>
      </EcoResAttribute>
      <PCComponentConstraint Name="Corner protection" Description="Corner protection is only available with metal fron grill">
        <PCExpressionConstraint Expression="Implies[FrontGrill != &quot;Metal&quot;, !CornerProtection]" />
      </PCComponentConstraint>
      <PCComponentConstraint Name="Color and Finish" Description="Cabinet color and finish combinations">
        <PCTableConstraint PCTableConstraintDefinition="Color and finish">
          <PCTableConstraintColumnCategoryAttribute TableConstraintColumn="Finish">
            <Attribute Name="Cabinet finish" />
          </PCTableConstraintColumnCategoryAttribute>
          <PCTableConstraintColumnCategoryAttribute TableConstraintColumn="Grill">
            <Attribute Name="Front grill" />
          </PCTableConstraintColumnCategoryAttribute>
        </PCTableConstraint>
      </PCComponentConstraint>
      <PCCalculation Name="Assembly time" Description="Calculation of the assembly time" TargetAttribute="AssemblyRunTime" Expression="If[ ( SpeakerHeight / 3 ) &gt; 4.1, 1.25, 0.75 ]" />
      <PCTemplateComponent Name="Assembly" Requirement="1" Description="Speaker assembly">
        <PCExpressionConstraint Expression="" />
        <PCTemplateConstant TableName="RouteOpr" FieldName="OprId" Value="Assembly" />
        <PCTemplateConstant TableName="Route" FieldName="OprNum" Value="10" />
        <PCTemplateConstant TableName="Route" FieldName="OprNumNext" Value="20" />
        <PCTemplateConstant TableName="RouteOpr" FieldName="RouteGroupId" Value="Proc" />
        <PCTemplateConstant TableName="RouteOpr" FieldName="SetUpCategoryId" Value="Assembly" />
        <PCTemplateConstant TableName="RouteOpr" FieldName="ProcessCategoryId" Value="Assembly" />
        <PCTemplateConstant TableName="RouteOpr" FieldName="QtyCategoryId" Value="Assembly" />
        <PCTemplateCategoryAttribute TableName="RouteOpr" FieldName="ProcessTime" Attribute="Assembly run time" />
        <PCTemplateConstant TableName="RouteOpr" FieldName="ProcessPerQty" Value="3.000000000000000" />
        <PCTemplateConstant TableName="RouteOpr" FieldName="ToHours" Value="1.000000000000000" />
        <WrkCtrPCRouteOperationActivity Description="" Quantity="1" LoadPercent="100.00">
          <WrkCtrActivityCapabilityRequirement UsedForJobScheduling="1" UsedForOperationScheduling="1" Capability="Assembly" />
        </WrkCtrPCRouteOperationActivity>
      </PCTemplateComponent>
      <PCTemplateComponent Name="Finishing" Requirement="1" Description="Cabinet finishing">
        <PCExpressionConstraint Expression="" />
        <PCTemplateConstant TableName="RouteOpr" FieldName="OprId" Value="Finishing" />
        <PCTemplateConstant TableName="Route" FieldName="OprNum" Value="20" />
        <PCTemplateConstant TableName="Route" FieldName="OprNumNext" Value="30" />
        <PCTemplateConstant TableName="RouteOpr" FieldName="RouteGroupId" Value="Proc" />
        <PCTemplateConstant TableName="RouteOpr" FieldName="SetUpCategoryId" Value="Polishing" />
        <PCTemplateConstant TableName="RouteOpr" FieldName="ProcessCategoryId" Value="Polishing" />
        <PCTemplateConstant TableName="RouteOpr" FieldName="QtyCategoryId" Value="Polishing" />
        <PCTemplateConstant TableName="RouteOpr" FieldName="ProcessTime" Value="1.000000000000000" />
        <PCTemplateConstant TableName="RouteOpr" FieldName="ProcessPerQty" Value="20.000000000000000" />
        <PCTemplateConstant TableName="RouteOpr" FieldName="ToHours" Value="1.000000000000000" />
        <WrkCtrPCRouteOperationActivity Description="" Quantity="1" LoadPercent="100.00">
          <WrkCtrActivityCapabilityRequirement UsedForJobScheduling="1" UsedForOperationScheduling="1" Capability="Assembly" />
        </WrkCtrPCRouteOperationActivity>
      </PCTemplateComponent>
      <PCTemplateComponent Name="Testing" Requirement="1" Description="Speaker testing">
        <PCExpressionConstraint Expression="" />
        <PCTemplateConstant TableName="RouteOpr" FieldName="OprId" Value="Testing" />
        <PCTemplateConstant TableName="Route" FieldName="OprNum" Value="30" />
        <PCTemplateConstant TableName="Route" FieldName="OprNumNext" Value="40" />
        <PCTemplateConstant TableName="RouteOpr" FieldName="RouteGroupId" Value="Proc" />
        <PCTemplateConstant TableName="RouteOpr" FieldName="SetUpCategoryId" Value="Q&amp;A" />
        <PCTemplateConstant TableName="RouteOpr" FieldName="ProcessCategoryId" Value="Q&amp;A" />
        <PCTemplateConstant TableName="RouteOpr" FieldName="QtyCategoryId" Value="Q&amp;A" />
        <PCTemplateConstant TableName="RouteOpr" FieldName="ProcessTime" Value="1.000000000000000" />
        <PCTemplateConstant TableName="RouteOpr" FieldName="ProcessPerQty" Value="3.000000000000000" />
        <PCTemplateConstant TableName="RouteOpr" FieldName="ToHours" Value="1.000000000000000" />
        <WrkCtrPCRouteOperationActivity Description="" Quantity="1" LoadPercent="100.00">
          <WrkCtrActivityCapabilityRequirement UsedForJobScheduling="1" UsedForOperationScheduling="1" Capability="Testing" />
        </WrkCtrPCRouteOperationActivity>
      </PCTemplateComponent>
      <PCTemplateComponent Name="Packing" Requirement="1" Description="Speaker packing">
        <PCExpressionConstraint Expression="" />
        <PCTemplateConstant TableName="RouteOpr" FieldName="OprId" Value="Packing" />
        <PCTemplateConstant TableName="Route" FieldName="OprNum" Value="40" />
        <PCTemplateConstant TableName="Route" FieldName="OprNumNext" Value="0" />
        <PCTemplateConstant TableName="RouteOpr" FieldName="RouteGroupId" Value="Proc" />
        <PCTemplateConstant TableName="RouteOpr" FieldName="SetUpCategoryId" Value="Packinging" />
        <PCTemplateConstant TableName="RouteOpr" FieldName="ProcessCategoryId" Value="Packinging" />
        <PCTemplateConstant TableName="RouteOpr" FieldName="QtyCategoryId" Value="Packinging" />
        <PCTemplateConstant TableName="RouteOpr" FieldName="ProcessTime" Value="1.000000000000000" />
        <PCTemplateConstant TableName="RouteOpr" FieldName="ProcessPerQty" Value="15.000000000000000" />
        <PCTemplateConstant TableName="RouteOpr" FieldName="ToHours" Value="1.000000000000000" />
        <WrkCtrPCRouteOperationActivity Description="" Quantity="1" LoadPercent="100.00">
          <WrkCtrActivityCapabilityRequirement UsedForJobScheduling="1" UsedForOperationScheduling="1" Capability="Packing" />
        </WrkCtrPCRouteOperationActivity>
      </PCTemplateComponent>
      <PCTemplateComponent Name="Wiring harness" Requirement="2" Description="Speaker wiring harness">
        <PCExpressionConstraint Expression="" />
        <PCTemplateConstant TableName="BOM" FieldName="ItemId" Value="M0001" />
        <PCTemplateConstant TableName="BOM" FieldName="BOMType" Value="0" />
        <PCTemplateConstant TableName="BOM" FieldName="Calculation" Value="True" />
        <PCTemplateConstant TableName="BOM" FieldName="WrkCtrConsumption" Value="True" />
        <PCTemplateConstant TableName="BOM" FieldName="BOMQty" Value="1.000000000000000" />
        <PCTemplateConstant TableName="BOM" FieldName="UnitId" Value="ea" />
      </PCTemplateComponent>
      <PCTemplateComponent Name="Mid range" Requirement="2" Description="Mid range speaker unit">
        <PCExpressionConstraint Expression="" />
        <PCTemplateConstant TableName="BOM" FieldName="ItemId" Value="M0002" />
        <PCTemplateConstant TableName="BOM" FieldName="BOMType" Value="0" />
        <PCTemplateConstant TableName="BOM" FieldName="Calculation" Value="True" />
        <PCTemplateConstant TableName="BOM" FieldName="WrkCtrConsumption" Value="True" />
        <PCTemplateConstant TableName="BOM" FieldName="BOMQty" Value="1.000000000000000" />
        <PCTemplateConstant TableName="BOM" FieldName="UnitId" Value="ea" />
      </PCTemplateComponent>
      <PCTemplateComponent Name="Tweeter" Requirement="2" Description="Tweeter speaker unit">
        <PCExpressionConstraint Expression="" />
        <PCTemplateConstant TableName="BOM" FieldName="ItemId" Value="M0003" />
        <PCTemplateConstant TableName="BOM" FieldName="BOMType" Value="0" />
        <PCTemplateConstant TableName="BOM" FieldName="Calculation" Value="True" />
        <PCTemplateConstant TableName="BOM" FieldName="WrkCtrConsumption" Value="True" />
        <PCTemplateConstant TableName="BOM" FieldName="BOMQty" Value="1.000000000000000" />
        <PCTemplateConstant TableName="BOM" FieldName="UnitId" Value="ea" />
      </PCTemplateComponent>
      <PCTemplateComponent Name="Crossover" Requirement="2" Description="Crossover">
        <PCExpressionConstraint Expression="" />
        <PCTemplateConstant TableName="BOM" FieldName="ItemId" Value="M0004" />
        <PCTemplateConstant TableName="BOM" FieldName="BOMType" Value="0" />
        <PCTemplateConstant TableName="BOM" FieldName="Calculation" Value="True" />
        <PCTemplateConstant TableName="BOM" FieldName="WrkCtrConsumption" Value="True" />
        <PCTemplateConstant TableName="BOM" FieldName="BOMQty" Value="1.000000000000000" />
        <PCTemplateConstant TableName="BOM" FieldName="UnitId" Value="ea" />
      </PCTemplateComponent>
      <PCTemplateComponent Name="Cabinet" Requirement="2" Description="High end speaker cabinet">
        <PCExpressionConstraint Expression="" />
        <PCTemplateConstant TableName="BOM" FieldName="ItemId" Value="M0008" />
        <PCTemplateConstant TableName="BOM" FieldName="BOMType" Value="0" />
        <PCTemplateConstant TableName="BOM" FieldName="Calculation" Value="True" />
        <PCTemplateConstant TableName="BOM" FieldName="WrkCtrConsumption" Value="True" />
        <PCTemplateConstant TableName="BOM" FieldName="BOMQty" Value="1.000000000000000" />
        <PCTemplateConstant TableName="BOM" FieldName="UnitId" Value="ea" />
        <PCTemplateCategoryAttribute TableName="BOM" FieldName="Height" Attribute="Speaker height" />
        <PCTemplateCategoryAttribute TableName="InventDim" FieldName="InventColorId" Attribute="Cabinet finish" />
      </PCTemplateComponent>
      <PCTemplateComponent Name="Cloth grill" Requirement="2" Description="Speaker front grill, cloth">
        <PCExpressionConstraint Expression="FrontGrill != &quot;Metal&quot;" />
        <PCTemplateConstant TableName="BOM" FieldName="ItemId" Value="M0021" />
        <PCTemplateConstant TableName="BOM" FieldName="BOMType" Value="0" />
        <PCTemplateConstant TableName="BOM" FieldName="Calculation" Value="True" />
        <PCTemplateConstant TableName="BOM" FieldName="WrkCtrConsumption" Value="True" />
        <PCTemplateConstant TableName="BOM" FieldName="BOMQty" Value="1.000000000000000" />
        <PCTemplateConstant TableName="BOM" FieldName="UnitId" Value="ea" />
        <PCTemplateCategoryAttribute TableName="BOM" FieldName="Height" Attribute="Speaker height" />
        <PCTemplateCategoryAttribute TableName="InventDim" FieldName="InventColorId" Attribute="Front grill" />
      </PCTemplateComponent>
      <PCTemplateComponent Name="Metal grill" Requirement="2" Description="Speaker front grill, metal">
        <PCExpressionConstraint Expression="FrontGrill == &quot;Metal&quot;" />
        <PCTemplateConstant TableName="BOM" FieldName="ItemId" Value="M0022" />
        <PCTemplateConstant TableName="BOM" FieldName="BOMType" Value="0" />
        <PCTemplateConstant TableName="BOM" FieldName="Calculation" Value="True" />
        <PCTemplateConstant TableName="BOM" FieldName="WrkCtrConsumption" Value="True" />
        <PCTemplateConstant TableName="BOM" FieldName="BOMQty" Value="1.000000000000000" />
        <PCTemplateConstant TableName="BOM" FieldName="UnitId" Value="ea" />
        <PCTemplateCategoryAttribute TableName="BOM" FieldName="Height" Attribute="Speaker height" />
      </PCTemplateComponent>
      <PCTemplateComponent Name="Corner protection" Requirement="2" Description="Protective corners">
        <PCExpressionConstraint Expression="CornerProtection" />
        <PCTemplateConstant TableName="BOM" FieldName="ItemId" Value="M0009" />
        <PCTemplateConstant TableName="BOM" FieldName="BOMType" Value="0" />
        <PCTemplateConstant TableName="BOM" FieldName="Calculation" Value="True" />
        <PCTemplateConstant TableName="BOM" FieldName="WrkCtrConsumption" Value="True" />
        <PCTemplateConstant TableName="BOM" FieldName="BOMQty" Value="4.000000000000000" />
        <PCTemplateConstant TableName="BOM" FieldName="UnitId" Value="ea" />
      </PCTemplateComponent>
      <PCComponentConfigurationNomenclature NomenclatureRole="0" IsActive="1">
        <PCConfigurationNomenclature Name="High End Speaker" Description="">
          <EcoResNomenclatureSegmentAttributeValue SegmentNumber="1" Attribute="Cabinet finish" />
          <EcoResNomenclatureSegmentTextConstant SegmentNumber="2" Text="-" />
          <EcoResNomenclatureSegmentAttributeValue SegmentNumber="3" Attribute="Front grill" />
          <EcoResNomenclatureSegmentTextConstant SegmentNumber="4" Text="-" />
          <EcoResNomenclatureSegmentAttributeValue SegmentNumber="5" Attribute="Speaker height" />
          <EcoResNomenclatureSegmentTextConstant SegmentNumber="6" Text="-" />
          <EcoResNomenclatureSegmentAttributeValue SegmentNumber="7" Attribute="Corner protection" />
          <EcoResNomenclatureSegmentTextConstant SegmentNumber="8" Text="-" />
          <EcoResNomenclatureSegmentNumberSequence SegmentNumber="9" NumberSequence="Bill_29" />
        </PCConfigurationNomenclature>
      </PCComponentConfigurationNomenclature>
    </PCClass>
    <PCClass Name="Insurance" ReuseEnabled="1">
      <EcoResCategoryTranslation FriendlyName="Forsikring" Description="Tillægsforsikring for højtalerløsningen" LanguageId="da" />
      <EcoResCategoryTranslation FriendlyName="Insurance" Description="Additional insurance for the speaker solution" LanguageId="en-us" />
      <EcoResAttribute Name="Insurance period" SolverName="insurancePeriod" AttributeType="Insurance period" IncludeInReuse="1">
        <EcoResAttributeTranslation FriendlyName="Forsikringsperiode" Description="Varighed for tillægsforsikringen" Language="da" />
        <EcoResAttributeTranslation FriendlyName="Insurance period" Description="Additional insurance period" Language="en-us" />
        <EcoResAttributeDefaultValue DefaultValue="2" />
      </EcoResAttribute>
      <EcoResAttribute Name="Additional insurance" SolverName="additionalInsurance" AttributeType="BooleanDomain" IncludeInReuse="1">
        <EcoResAttributeTranslation FriendlyName="Tillægsforsikring" Description="" Language="da" />
        <EcoResAttributeTranslation FriendlyName="Additional insurance" Description="" Language="en-us" />
        <EcoResComponentControl Modifier="1">
          <PCExpressionConstraint Expression="" />
        </EcoResComponentControl>
      </EcoResAttribute>
      <PCTemplateComponent Name="Insurance" Requirement="2" Description="Additional insurance">
        <PCExpressionConstraint Expression="additionalInsurance" />
        <PCTemplateConstant TableName="BOM" FieldName="ItemId" Value="s0021" />
        <PCTemplateConstant TableName="BOM" FieldName="BOMType" Value="3" />
        <PCTemplateConstant TableName="BOM" FieldName="Calculation" Value="True" />
        <PCTemplateCategoryAttribute TableName="BOM" FieldName="BOMQty" Attribute="Insurance period" />
        <PCTemplateConstant TableName="BOM" FieldName="UnitId" Value="ea" />
      </PCTemplateComponent>
    </PCClass>
    <PCClass Name="Speaker solution" ReuseEnabled="1">
      <EcoResCategoryTranslation FriendlyName="Højtaler løsning" Description="Luxus højtaler løsning inklusive kabel og ekstra forsikring" LanguageId="da" />
      <EcoResCategoryTranslation FriendlyName="Speaker solution" Description="High end speaker complete with speaker cable and additional insurance." LanguageId="EN-US" />
      <EcoResAttribute Name="Include cable" SolverName="includeCable" AttributeType="BooleanDomain" IncludeInReuse="1">
        <EcoResAttributeTranslation FriendlyName="Inkluder kabel" Description="Skal et højtaler kabel inkluderes?" Language="da" />
        <EcoResAttributeTranslation FriendlyName="Include cable" Description="Should a speaker cable be included?" Language="en-us" />
      </EcoResAttribute>
      <EcoResAttribute Name="Cable size" SolverName="cableSize" AttributeType="Cable size" IncludeInReuse="1">
        <EcoResAttributeTranslation FriendlyName="Kabel størrelse" Description="Hvilken kabel størrelse skal benyttes?" Language="da" />
        <EcoResAttributeTranslation FriendlyName="Cable size" Description="What cable size should be used?" Language="en-us" />
        <EcoResAttributeDefaultValue DefaultValue="2" />
        <EcoResComponentControl Modifier="1">
          <PCExpressionConstraint Expression="!includeCable" />
        </EcoResComponentControl>
      </EcoResAttribute>
      <EcoResAttribute Name="Additional insurance" SolverName="additionalInsurance" AttributeType="BooleanDomain" IncludeInReuse="1">
        <EcoResAttributeTranslation FriendlyName="Tillægsforsikring" Description="En tillægsforsikring kan inkluderes for at komplementere standard forsikring" Language="da" />
        <EcoResAttributeTranslation FriendlyName="Additional insurance" Description="An additional insurance can be included to complement the standard purchase insurance" Language="en-us" />
      </EcoResAttribute>
      <PCSubComponent Name="High end speaker" SolverName="highEndSpeaker" Type="0" ChildComponentClass="High End Speaker">
        <PCSubComponentTranslation Name="Luxus højtaler" Description="Luxus højtaler" Language="da" />
        <PCSubComponentTranslation Name="High end speaker" Description="High end speaker" Language="en-us" />
        <PCTemplateComponent Name="" Requirement="3" Description="">
          <PCTemplateConstant TableName="BOM" FieldName="ItemId" Value="D0004" />
          <PCTemplateConstant TableName="BOM" FieldName="BOMType" Value="0" />
          <PCTemplateConstant TableName="BOM" FieldName="Calculation" Value="True" />
          <PCTemplateConstant TableName="BOM" FieldName="BOMQty" Value="1.000000000000000" />
          <PCTemplateConstant TableName="BOM" FieldName="UnitId" Value="ea" />
        </PCTemplateComponent>
      </PCSubComponent>
      <PCSubComponent Name="Insurance" SolverName="insurance" Type="1" ChildComponentClass="Insurance">
        <PCSubComponentTranslation Name="Forsikring" Description="Tillægsforsikring for højtalerløsningen" Language="da" />
        <PCSubComponentTranslation Name="Insurance" Description="Additional insurance for the speaker solution" Language="en-us" />
        <PCSubComponentControl Modifier="0">
          <PCExpressionConstraint Expression="!additionalInsurance" />
        </PCSubComponentControl>
      </PCSubComponent>
      <PCComponentConstraint Name="Additional insurance" Description="Align additional insurance attributes">
        <PCExpressionConstraint Expression="additionalInsurance == insurance[additionalInsurance]" />
      </PCComponentConstraint>
      <PCTemplateComponent Name="Cut" Requirement="1" Description="Cut cable">
        <PCExpressionConstraint Expression="includeCable" />
        <PCTemplateConstant TableName="RouteOpr" FieldName="OprId" Value="Trim/Cut" />
        <PCTemplateConstant TableName="Route" FieldName="OprNum" Value="10" />
        <PCTemplateConstant TableName="Route" FieldName="OprNumNext" Value="20" />
        <PCTemplateConstant TableName="RouteOpr" FieldName="RouteGroupId" Value="Std" />
        <PCTemplateConstant TableName="RouteOpr" FieldName="SetUpCategoryId" Value="Cutting" />
        <PCTemplateConstant TableName="RouteOpr" FieldName="ProcessCategoryId" Value="Cutting" />
        <PCTemplateConstant TableName="RouteOpr" FieldName="QtyCategoryId" Value="Cutting" />
        <PCTemplateConstant TableName="RouteOpr" FieldName="ProcessTime" Value="1.000000000000000" />
        <PCTemplateConstant TableName="RouteOpr" FieldName="ProcessPerQty" Value="1.000000000000000" />
        <PCTemplateConstant TableName="RouteOpr" FieldName="ToHours" Value="1.000000000000000" />
        <WrkCtrPCRouteOperationActivity Description="" Quantity="1" LoadPercent="100.00">
          <WrkCtrActivityCapabilityRequirement UsedForJobScheduling="1" UsedForOperationScheduling="1" Capability="Speakers" />
        </WrkCtrPCRouteOperationActivity>
      </PCTemplateComponent>
      <PCTemplateComponent Name="Pack" Requirement="1" Description="Pack speaker and cable">
        <PCExpressionConstraint Expression="includeCable" />
        <PCTemplateConstant TableName="RouteOpr" FieldName="OprId" Value="Packing" />
        <PCTemplateConstant TableName="Route" FieldName="OprNum" Value="20" />
        <PCTemplateConstant TableName="Route" FieldName="OprNumNext" Value="0" />
        <PCTemplateConstant TableName="RouteOpr" FieldName="RouteGroupId" Value="Std" />
        <PCTemplateConstant TableName="RouteOpr" FieldName="SetUpCategoryId" Value="Packinging" />
        <PCTemplateConstant TableName="RouteOpr" FieldName="ProcessCategoryId" Value="Packinging" />
        <PCTemplateConstant TableName="RouteOpr" FieldName="QtyCategoryId" Value="Packinging" />
        <PCTemplateConstant TableName="RouteOpr" FieldName="ProcessTime" Value="1.000000000000000" />
        <PCTemplateConstant TableName="RouteOpr" FieldName="ProcessPerQty" Value="1.000000000000000" />
        <PCTemplateConstant TableName="RouteOpr" FieldName="ToHours" Value="1.000000000000000" />
        <WrkCtrPCRouteOperationActivity Description="" Quantity="1" LoadPercent="100.00">
          <WrkCtrActivityCapabilityRequirement UsedForJobScheduling="1" UsedForOperationScheduling="1" Capability="Packing" />
        </WrkCtrPCRouteOperationActivity>
      </PCTemplateComponent>
      <PCTemplateComponent Name="Cable" Requirement="2" Description="Speaker cable">
        <PCExpressionConstraint Expression="includeCable" />
        <PCTemplateConstant TableName="BOM" FieldName="ItemId" Value="T0001" />
        <PCTemplateConstant TableName="BOM" FieldName="BOMType" Value="0" />
        <PCTemplateConstant TableName="BOM" FieldName="Calculation" Value="True" />
        <PCTemplateConstant TableName="BOM" FieldName="BOMQty" Value="1.000000000000000" />
        <PCTemplateConstant TableName="BOM" FieldName="UnitId" Value="ea" />
        <PCTemplateCategoryAttribute TableName="InventDim" FieldName="InventSizeId" Attribute="Cable size" />
      </PCTemplateComponent>
      <PCComponentConfigurationNomenclature NomenclatureRole="0" IsActive="1">
        <PCConfigurationNomenclature Name="Speaker solution" Description="">
          <EcoResNomenclatureSegmentAttributeValue SegmentNumber="1" Attribute="Include cable" />
          <EcoResNomenclatureSegmentTextConstant SegmentNumber="2" Text="-" />
          <EcoResNomenclatureSegmentAttributeValue SegmentNumber="3" Attribute="Cable size" />
          <EcoResNomenclatureSegmentTextConstant SegmentNumber="4" Text="-" />
          <EcoResNomenclatureSegmentAttributeValue SegmentNumber="5" Attribute="Additional insurance" />
          <EcoResNomenclatureSegmentTextConstant SegmentNumber="6" Text="-" />
          <EcoResNomenclatureSegmentNumberSequence SegmentNumber="7" NumberSequence="Bill_29" />
        </PCConfigurationNomenclature>
      </PCComponentConfigurationNomenclature>
    </PCClass>
  </Components>
  <PCProductConfigurationModel Name="Speaker solution" RootComponentClass="Speaker solution" SolverStrategy="0" Columns="0">
    <PCProductConfigurationModelTranslation Name="Højtaler løsning" Description="Luxus højtaler løsning inklusive kabel og ekstra forsikring" Language="da" />
    <PCProductConfigurationModelTranslation Name="Speaker solution" Description="High end speaker with cable and an insurance option" Language="en-us" />
    <!--PCConfigurationControl>
      <PCComponentControl UIOrder="1">
        <PCComponentAttributeGroup UIOrder="1">
          <PCComponentAttributeGroupTranslation Name="Kabel" Language="da" />
          <PCComponentAttributeGroupTranslation Name="Cable" Language="en-us" />
          <PCComponentAttributeGroupCategoryAttr CategoryAttribute="Include cable" Component="Speaker solution" UIOrder="1" />
          <PCComponentAttributeGroupCategoryAttr CategoryAttribute="Cable size" Component="Speaker solution" UIOrder="2" />
        </PCComponentAttributeGroup>
        <PCComponentControlSubComponent SubComponent="High end speaker" Component="Speaker solution">
          <PCComponentControl UIOrder="1" />
        </PCComponentControlSubComponent>
        <PCComponentControlSubComponent SubComponent="Insurance" Component="Speaker solution">
          <PCComponentControl UIOrder="2" />
        </PCComponentControlSubComponent>
      </PCComponentControl>
    </PCConfigurationControl-->
    <PCPriceModel Name="Standard prices" Description="Standard prices for all customers">
      <PCClassPriceCalculation Component="Speaker solution">
        <PCPriceBasePrice Name="Base price">
          <PCPriceExpressionValue PriceExpression="399.95" Currency="USD" />
          <PCPriceExpressionValue PriceExpression="299.95" Currency="EUR" />
        </PCPriceBasePrice>
        <PCPriceExpressionRule Name="Cable included" Condition="includeCable">
          <PCPriceExpressionValue PriceExpression="99.95" Currency="USD" />
          <PCPriceExpressionValue PriceExpression="69.95" Currency="EUR" />
        </PCPriceExpressionRule>
        <PCPriceExpressionRule Name="Cable size 2" Condition="cableSize == &quot;2&quot;">
          <PCPriceExpressionValue PriceExpression="-79.95" Currency="USD" />
          <PCPriceExpressionValue PriceExpression="-59.95" Currency="EUR" />
        </PCPriceExpressionRule>
        <PCPriceExpressionRule Name="Cable size 30" Condition="cableSize == &quot;30&quot;">
          <PCPriceExpressionValue PriceExpression="30 * 9.95" Currency="USD" />
          <PCPriceExpressionValue PriceExpression="30 * 6.95" Currency="EUR" />
        </PCPriceExpressionRule>
      </PCClassPriceCalculation>
      <PCClassPriceCalculation Component="High End Speaker">
        <PCPriceBasePrice Name="Base price">
          <PCPriceExpressionValue PriceExpression="1299.95" Currency="USD" />
          <PCPriceExpressionValue PriceExpression="899.95" Currency="EUR" />
        </PCPriceBasePrice>
        <PCPriceExpressionRule Name="All white" Condition="CabinetFinish == &quot;White&quot;">
          <PCPriceExpressionValue PriceExpression="-79.95" Currency="USD" />
          <PCPriceExpressionValue PriceExpression="-59.95" Currency="EUR" />
        </PCPriceExpressionRule>
        <PCPriceExpressionRule Name="Corner protection" Condition="CornerProtection">
          <PCPriceExpressionValue PriceExpression="59.95" Currency="USD" />
          <PCPriceExpressionValue PriceExpression="35.95" Currency="EUR" />
        </PCPriceExpressionRule>
        <PCPriceExpressionRule Name="Metal front grill" Condition="FrontGrill == &quot;Metal&quot;">
          <PCPriceExpressionValue PriceExpression="109.95" Currency="USD" />
          <PCPriceExpressionValue PriceExpression="89.95" Currency="EUR" />
        </PCPriceExpressionRule>
        <PCPriceExpressionRule Name="Rosewood" Condition="CabinetFinish == &quot;Rosewood&quot;">
          <PCPriceExpressionValue PriceExpression="159.95" Currency="USD" />
          <PCPriceExpressionValue PriceExpression="119.95" Currency="EUR" />
        </PCPriceExpressionRule>
        <PCPriceExpressionRule Name="Speaker height" Condition="">
          <PCPriceExpressionValue PriceExpression="SpeakerHeight * 15.95" Currency="USD" />
          <PCPriceExpressionValue PriceExpression="SpeakerHeight * 12.95" Currency="EUR" />
        </PCPriceExpressionRule>
      </PCClassPriceCalculation>
      <PCClassPriceCalculation Component="Insurance">
        <PCPriceExpressionRule Name="Insurance period" Condition="additionalInsurance">
          <PCPriceExpressionValue PriceExpression="insurancePeriod * 59.95" Currency="USD" />
          <PCPriceExpressionValue PriceExpression="insurancePeriod * 39.95" Currency="EUR" />
        </PCPriceExpressionRule>
      </PCClassPriceCalculation>
    </PCPriceModel>
  </PCProductConfigurationModel>
</Export>